repeat_flag,n,pct
FALSE,2118,0.6187554776511832
TRUE,1305,0.38124452234881684
