n_classes,pct_with_max,avg_fill,med_fill,pct_over_capacity
484,100,0.4899818147381346,0.4409722222222222,0.8264462809917356
