n,pct_fully_paid,avg_remaining
6401,99.65630370254648,0.2132760506170911
